ID,11
480,17.254261
742,31.09306
743,32.25791
744,31.842184
745,31.159466
793,17.245047
794,18.36715
800,24.013943
801,24.111675
802,23.715012
948,16.974798
949,18.623241
954,23.065336
955,21.279955
956,20.665552
1512,12.597778
1513,13.066973
1552,26.15843
1553,24.289206
1554,22.880392
1558,21.01392
1559,20.118477
1560,17.33578
1561,18.425428
1637,20.719702
1638,23.286325
1639,24.226278
1717,12.706421
1718,12.89829
1719,14.960923
1720,14.529776
1721,15.133799
1901,16.047571
1985,35.007923
1986,30.846504
1987,33.03225
1988,22.696602
1989,25.15008
1990,28.612677
1991,27.552114
2037,19.87462
2038,21.775885
2039,17.624775
2040,16.933762
2041,25.192696
2042,24.031965
2043,27.437084
2073,30.211054
2074,26.012018
2075,28.089064
2076,18.353327
2077,20.195019
2078,23.727692
2079,22.258429
2115,26.510567
2116,30.067116
2117,25.045395
2118,23.600058
2119,33.63923
2120,32.096817
2121,32.46363
2147,31.961979
2148,32.954548
2149,34.021957
2180,32.01908
2181,27.138823
2182,29.681839
2183,33.685402
2184,31.660852
2206,12.890772
2207,13.591886
2274,12.358044
2275,22.854292
2316,12.788416
2317,13.3969145
2318,13.619394
2319,14.201672
2320,17.946205
2322,16.82421
2323,15.792627
2357,28.406569
2358,30.603018
2360,32.50852
2361,26.326195
2362,24.584064
2363,21.335928
2364,20.696117
2489,15.928085
2491,15.669256
2492,15.605892
2493,15.845218
2494,15.845218
2521,20.43661
2522,18.788166
2523,17.624346
2524,21.652773
2525,22.48684
2527,24.562485
2568,25.490944
2570,23.208565
2571,21.934166
2572,17.385252
2573,16.12681
2574,18.379478
2575,19.518871
2605,28.086767
2606,27.500072
2607,24.24083
2608,25.833546
2636,23.665876
2637,22.546183
2638,25.203016
2639,28.113487
2642,32.825607
2643,29.112259
2644,29.982983
2672,28.072676
2673,26.46815
2674,30.32777
2676,24.89799
2677,22.767292
2678,20.179749
2679,21.723553
2712,11.437851
2717,36.631565
2718,34.839775
2719,35.5579
2749,17.867304
2751,27.484203
2752,24.916832
2771,13.755666
2772,13.439115
2773,13.537729
2774,14.000286
2776,16.33069
2777,14.415664
2778,14.832915
2842,24.231009
2843,25.665146
2844,22.022335
2845,23.866913
2881,30.185713
2882,28.514698
2883,26.19805
2884,20.728716
2885,18.12446
2886,23.24327
2887,24.299004
2918,31.058609
2919,32.486237
2920,30.778954
2921,26.194637
2922,28.645699
2952,35.93808
2953,34.86842
2954,30.769293
2955,29.050755
2956,32.861256
2957,34.9833
3026,35.79804
3027,35.43698
3028,32.513973
3029,34.310688
3030,28.830923
3031,27.840685
3184,34.191597
3185,33.782356
3186,29.415134
3187,24.025648
3188,26.077757
3189,31.811018
3190,28.885704
3395,29.873796
3396,25.689999
3397,28.327969
3398,21.88384
3399,23.080818
3400,20.290178
3401,18.583628
3436,17.834532
3437,17.13011
3438,21.215763
3439,19.748627
3440,23.378948
3497,21.008587
3498,17.824127
3499,19.196012
3500,15.274012
3501,16.648941
3502,14.013044
3503,14.303955
3588,16.977598
3589,16.413658
3590,17.511147
3623,28.106527
3624,24.35695
3625,25.391432
3626,22.014708
3627,20.817732
3652,15.357746
3653,15.009904
3654,15.305791
3659,13.106111
3660,13.209222
3661,12.692372
3687,15.939405
3688,15.212129
3689,18.12589
3690,16.902113
3695,20.934565
3696,19.526793
3697,22.670883
3721,23.807808
3722,37.40936
3723,37.3936
3724,33.33981
3725,35.237347
3726,30.618204
3727,31.945267
3755,22.226545
3756,20.281967
3757,25.959492
3758,23.517742
3759,29.201487
3760,28.130201
3761,31.666012
3790,33.17804
3791,33.585957
3792,34.889214
3793,29.435966
3794,31.62298
3795,26.54688
3796,27.81426
3821,29.50612
3822,27.693724
3823,31.171139
3825,22.942064
3826,21.847631
3827,26.027092
3828,24.805967
3852,13.708314
3853,12.5464945
3854,13.406503
3910,20.595663
3911,20.49268
3912,21.882093
3914,18.21242
3915,18.871641
3916,16.883106
3917,17.095863
3918,13.498606
3919,13.188705
3921,13.743116
3922,13.5609255
3923,13.455811
3971,26.076557
3972,24.936522
3973,27.149302
3975,21.720057
3976,23.319895
3977,20.72957
3978,18.809925
4001,18.823374
4002,19.852219
4003,22.217161
4004,21.10752
4006,27.401785
4007,24.385443
4008,25.411974
4026,40.810204
4027,40.347084
4028,34.10271
4029,36.167866
4030,38.67478
4031,34.043537
4057,30.8396
4059,27.96292
4060,29.205141
4061,23.210817
4062,21.48427
4063,26.247543
4064,24.387833
4095,31.98641
4096,33.60855
4097,31.811516
4098,32.919174
4099,27.864779
4100,29.388887
4156,31.060688
4157,29.401594
4158,22.792883
4159,21.311525
4160,25.066301
4161,23.73403
4184,18.652437
4185,19.88074
4186,16.276691
4187,17.818218
4188,24.032814
4189,22.429028
4190,24.29221
4268,30.5374
4269,26.971743
4270,28.938965
4271,22.638176
4272,20.796482
4273,25.365564
4274,24.152128
4291,12.821343
4292,13.897165
4298,26.833368
4332,28.118742
4333,33.538353
4334,34.054375
4335,27.398115
4336,28.922731
4337,29.736853
4338,32.64024
4379,20.73058
4380,19.368286
4381,18.302752
4382,16.895237
4383,22.976095
4384,24.644434
4385,26.37285
4415,20.225945
4416,18.707048
4417,17.732407
4418,13.297637
4419,14.060738
4420,15.623413
4421,16.43517
4450,24.242327
4451,21.842596
4452,20.975098
4453,20.020134
4454,25.9619
4455,27.671152
4456,28.988749
4481,15.644313
4482,15.077457
4483,13.413068
4488,11.641257
4489,11.641257
4490,12.528835
4534,19.810863
4535,19.666306
4536,19.674282
4537,19.606773
4540,21.74472
4541,21.74472
4542,21.991257
4580,32.116547
4581,28.993538
4582,28.28775
4586,22.023497
4587,23.996649
4588,25.347239
4589,26.256458
4603,23.984324
4604,23.41689
4605,22.017937
4606,19.99104
4609,25.471498
4610,25.55302
4611,28.172977
4614,14.763322
4651,30.527367
4653,27.43095
4654,26.550394
4655,20.578505
4656,21.783575
4657,22.783373
4658,24.61445
4678,30.11831
4679,31.917383
4680,30.688814
4681,28.886793
4682,26.12963
4683,24.664455
4684,23.096653
4700,21.36392
4701,24.947865
4703,23.258379
4704,23.091082
4722,28.04164
4723,29.75707
4725,30.818367
4726,26.27401
4727,24.742329
4728,21.674116
4729,22.994535
4749,19.843517
4751,18.413715
4752,16.938143
4753,13.302439
4754,12.166719
4755,15.328502
4756,15.917586
4784,13.845885
4785,12.949346
4786,11.6564865
4787,11.816057
4788,14.759669
4789,15.016635
4791,16.249058
4824,32.78987
4826,31.198524
4827,29.094616
4828,22.36721
4829,21.13055
4830,24.61623
4831,26.389448
4866,33.07761
4867,26.719833
4868,32.822033
4869,31.347595
4870,26.986242
4871,28.713717
4905,19.688187
4906,21.22459
4907,22.149017
4909,16.759588
4910,17.968729
4922,22.393026
4923,21.475039
4924,18.465277
4925,19.973034
4927,25.955215
4928,24.805325
4929,23.894712
4963,26.834076
4964,24.584774
4965,25.604322
4970,21.053724
4971,20.21403
4972,22.204351
4973,23.12491
4979,15.567436
4980,14.5058365
4981,16.016403
4992,25.434862
5004,17.661695
5005,18.562986
5006,21.338137
5007,19.606005
5009,25.572916
5010,22.482393
5011,24.19547
5021,19.026264
5022,18.212902
5023,20.17809
5025,15.0070915
5026,17.304024
5027,14.648732
5028,15.173758
5067,29.724548
5068,26.540216
5069,27.796759
5082,24.624266
5083,23.870281
5084,26.3474
5086,18.85752
5087,19.775507
5088,22.492836
5089,21.101093
5090,25.706297
5091,27.309238
5092,24.11396
5093,22.736517
5094,29.229969
5095,29.048294
5096,30.32483
5110,25.49455
5111,24.39106
5112,27.409151
5114,20.84905
5115,23.248505
5116,21.678907
5134,34.47732
5135,31.782717
5136,33.39768
5137,27.621563
5138,28.79359
5139,26.093771
5140,25.348303
5151,17.982721
5152,19.512081
5153,22.121931
5154,21.121813
5155,24.564444
5156,23.317167
5157,26.468813
5169,19.246475
5170,17.98637
5185,23.948967
5186,23.080448
5187,24.721191
5193,21.050655
5194,21.787418
5201,17.40794
5202,16.59932
5208,16.491776
5209,28.993484
5222,28.05265
5223,26.345552
5224,29.824024
5226,21.580877
5227,22.351318
5228,25.097572
5229,23.430117
5230,17.996841
5231,18.652096
5232,17.287445
5233,15.377719
5235,22.030901
5236,20.228485
5237,21.029003
5268,28.90645
5269,27.114466
5270,30.384039
5272,22.569948
5273,23.6699
5274,26.034632
5275,24.812132
5302,28.963085
5303,25.018785
5304,26.210558
5305,28.377516
5306,25.310991
5307,23.82452
5308,20.870127
5310,21.774515
5315,26.019735
5316,24.121239
5317,26.166286
5318,27.51668
5319,26.625116
5332,30.958838
5333,25.72301
5334,29.113653
5335,30.588129
5336,27.049213
5337,25.840872
5352,25.8779
5353,24.531385
5355,27.846922
5356,20.636538
5357,22.936087
5358,21.86645
5359,20.08736
5360,14.856426
5361,15.783949
5362,18.704462
5364,17.290539
5365,17.904007
5384,22.71857
5385,22.128178
5387,23.358856
5388,31.007013
5389,27.995289
5399,28.258837
5400,30.588129
5401,31.189392
5402,25.801233
5403,24.133778
5404,28.756311
5405,27.049213
5418,27.745544
5419,27.028126
5420,29.638578
5422,24.510626
5423,25.724066
5424,21.728296
5425,22.797548
5426,22.194456
5427,21.39209
5429,24.711355
5430,22.727575
5431,23.232843
5436,25.746773
5437,24.894531
5438,21.283031
5439,22.161682
5445,23.891615
5446,23.358496
5447,24.601385
5449,29.094917
5450,27.259974
5473,18.271732
5474,16.174679
5475,17.09792
5476,22.125725
5477,27.666698
5501,26.715157
5502,24.868235
5503,23.969973
5504,19.59455
5505,20.861443
5506,22.421154
5507,21.462181
5508,24.582674
5509,25.386961
5510,23.37282
5511,22.753698
5512,25.725256
5513,26.284258
5514,27.81386
5529,31.37867
5530,29.49931
5531,28.847204
5532,22.315432
5533,23.573359
5534,26.310406
5535,24.868235
5545,24.007246
5546,24.910877
5547,25.828102
5549,21.899345
5550,22.062292
5551,22.000534
5552,20.862274
5564,26.922705
5565,25.807125
5566,24.060835
5567,20.58666
5568,21.085709
5569,22.676134
5570,22.009516
5571,16.053404
5572,17.729664
5573,18.563538
5574,19.558388
5587,27.882195
5588,31.339373
5589,30.482952
5590,20.771519
5591,22.04978
5593,21.367504
5594,20.866844
5599,16.061752
5600,17.490543
5601,18.324417
5602,19.101856
5614,14.04264
5615,16.294733
5616,15.031925
5617,16.988527
5618,18.4839
5620,17.645224
5628,23.671606
5629,23.714224
5630,23.438578
5632,21.643114
5633,22.176233
5634,19.492271
5635,20.557867
5636,20.954517
5637,21.998444
5638,23.247557
5639,22.756933
5641,25.460928
5642,24.216276
5643,25.108091
5652,21.354445
5653,20.572
5654,21.737288
5657,21.193521
5658,22.049696
5663,18.662142
5664,19.890974
5665,20.536825
5666,17.723
5667,19.48836
5668,21.41097
5669,20.717192
5673,22.923841
5674,22.673315
5676,22.96646
5677,21.778605
5694,14.6348715
5695,15.863693
5696,11.846036
5697,12.421453
5698,13.695738
5699,10.183377
5700,10.810013
5713,18.434858
5714,17.725088
5716,13.662367
5717,14.331088
5718,17.191965
5719,16.275045
5720,15.471877
5721,22.292654
5722,23.072435
5723,24.46705
5724,20.49675
5725,21.4419
5727,25.475088
5728,24.901495
5736,22.146269
5737,22.886309
5739,17.440037
5740,18.87133
5741,21.642393
5742,20.621647
5743,19.573357
5748,19.317436
5749,22.050743
5750,20.795021
5751,18.726505
5753,23.554968
5754,22.756933
5763,22.146269
5764,21.60841
5765,22.708273
5767,18.87133
5768,17.440037
5769,19.205395
5770,20.621647
5775,20.44606
5776,19.305252
5777,21.436277
5778,17.440037
5779,18.636532
5781,22.886309
5782,22.35319
5791,20.118048
5792,20.889986
5794,19.80023
5795,18.957287
5796,18.926731
5799,23.833769
5800,22.787
5801,21.540726
5802,22.34124
5804,26.09773
5805,25.689215
5806,24.585108
5815,20.638582
5816,20.864012
5818,21.904417
5819,18.297031
5820,19.19912
5822,20.717192
5823,20.0278
5824,21.808634
5825,19.08265
5827,22.673315
5828,22.847006
5837,23.807913
5839,23.981604
5840,19.263008
5841,20.290844
5842,22.763788
5843,20.927202
5844,22.01245
5845,23.172712
5846,22.639593
5847,21.209747
5848,21.928797
5849,24.900858
5851,24.542746
5852,24.277094
5863,21.816557
5864,22.860685
5866,23.034372
5867,19.67573
5868,20.904558
5869,22.886309
5870,22.35319
5871,24.148653
5872,21.267942
5873,20.361847
5874,24.64163
5876,24.381681
5883,24.826075
5884,24.517626
5886,24.928034
5887,21.521519
5888,21.967276
5889,22.639593
5890,23.390932
5891,23.104528
5892,22.413046
5893,24.238844
5894,21.104076
5895,22.146269
5896,24.872955
5898,24.53967
5905,24.826075
5906,24.911243
5908,21.722681
5909,21.245827
5910,24.417559
5911,22.639593
5912,23.390932
5913,21.755323
5914,21.053772
5915,22.672235
5916,19.46973
5917,20.13845
5919,24.427143
5920,23.188564
5926,27.438097
5927,27.360865
5928,24.730957
5929,24.239332
5930,24.614943
5931,24.745436
5932,26.438234
5942,29.653599
5943,31.317612
5944,30.23372
5945,28.536089
5946,26.402266
5947,25.223087
5948,23.928211
5957,24.433863
5958,25.592054
5959,26.623932
5960,27.721012
5961,23.9564
5962,19.724731
5963,18.156845
5970,21.067808
5971,20.388988
5975,27.667835
5976,21.282568
5977,20.588785
5978,21.80705
5979,22.883001
5980,22.782076
5981,23.256742
6001,24.563112
6002,23.38677
6003,22.722097
6004,22.011301
6005,20.363827
6006,21.410732
6007,19.166721
6008,22.82572
6009,24.438524
6010,23.760149
6011,24.540483
6012,26.774393
6013,26.37541
6014,26.729357
6017,24.557169
6018,22.972311
6019,23.655497
6024,22.35319
6025,21.267942
6026,19.136917
6027,20.402077
6028,19.332054
6029,19.882193
6030,21.111021
6036,21.890806
6037,23.067148
6040,23.48509
6041,23.293901
6046,22.249777
6047,25.713636
6048,27.060959
6049,26.011965
6050,26.73077
6051,23.601763
6052,22.982641
6053,25.123796
6054,25.66509
6056,26.139006
6057,25.72032
6058,26.708666
6061,22.864504
6062,22.673315
6067,21.62919
6068,19.526838
6069,20.717192
6070,19.83204
6071,19.270037
6072,20.824743
6073,18.864574
6074,19.567875
6078,21.352789
6079,21.7284
6082,26.53451
6083,26.286543
6084,23.922518
6085,23.212748
6086,25.67726
6087,24.826982
6088,25.202593
6089,25.818872
6090,26.436205
6091,24.352018
6092,25.065355
6093,25.440966
6094,27.104813
6095,26.816593
6096,19.072306
6097,22.57226
6098,24.533922
6099,24.952608
6100,25.561892
6101,26.047739
6102,26.041182
6103,20.817495
6104,26.130203
6105,26.76257
6107,25.092134
6108,25.907911
6109,24.966055
6110,24.441195
6111,23.336817
6112,24.867392
6113,25.530382
6114,25.956629
6115,22.779097
6116,26.212366
6117,26.174086
6118,25.782703
6119,25.656637
6120,25.037962
6121,24.592104
6122,22.74925
6123,25.890415
6124,25.93248
6125,22.005278
6126,23.869398
6127,24.245008
6128,24.649801
6129,25.562624
6130,26.00324
6131,26.721062
6132,25.34025
6133,25.007677
6134,24.68173
6135,24.63989
6136,26.803226
6137,25.807236
6138,21.874666
6139,24.544119
6140,24.640398
6141,25.068762
6142,26.074791
6143,25.704931
6144,23.033316
6145,23.430061
6146,22.03509
6147,21.606726
6148,21.373953
6149,18.581114
6150,22.645512
6151,24.867392
6152,25.530382
6153,25.956629
6154,22.779097
6155,26.212366
6156,17.66786
6157,22.504389
6158,25.013083
6159,25.352247
6160,25.671606
6161,26.275394
6162,26.739773
6163,26.775806
6164,23.46094
6165,25.78366
6167,25.63749
6168,25.944016
6169,24.881401
6170,24.578833
6171,24.22217
6172,23.330355
6173,23.780676
6174,24.605165
6175,25.276049
6176,25.914127
6177,25.492031
6178,26.447868
6180,27.050999
6181,19.565594
6182,24.848951
6183,25.434114
6184,25.226854
6185,25.907005
6186,22.417048
6187,25.645737
6188,26.07058
6189,23.158426
6190,26.376564
6191,25.910587
6192,24.6747
6193,24.976877
6194,24.316584
6195,23.135221
6196,19.647726
6197,22.767282
6198,25.784113
6199,26.404692
6200,25.52632
6201,27.122513
6202,26.875061
6203,24.486435
6204,14.636366
6205,24.912783
6206,26.03442
6207,24.601778
6208,25.83738
6209,25.417555
6210,25.35273
6211,24.718618
6212,25.094233
6213,26.201725
6214,26.882648
6215,26.68153
6216,23.218018
6217,22.874674
6218,16.313953
6219,25.375626
6220,25.495441
6221,24.959623
6222,25.854107
6223,26.435266
6224,26.9278
6225,26.686253
6226,26.195494
6227,22.857893
6228,26.029602
6229,18.600208
6230,22.767282
6231,26.32047
6232,26.054459
6233,15.041845
6234,13.5709095
6235,23.183992
7041,16.857353
7042,16.113447
7043,15.279608
7044,14.098813
7045,13.838835
7046,13.542948
7047,12.257043
7656,14.513934
7657,15.515971
7658,17.296978
8092,22.508547
8093,22.000883
8094,21.866522
8095,21.3043
8096,18.959532
8097,21.57358
8098,19.708254
8248,24.753239
8249,23.911526
8250,23.842567
8406,25.632256
8407,31.430992
8408,31.302353
8409,29.702253
8410,27.10493
8411,28.983765
8412,26.292395
8637,21.909414
8638,20.340006
8639,18.562782
8640,23.324259
8641,25.289972
8642,27.651745
8643,26.703981
8698,24.610958
8699,26.44677
8700,21.759228
8701,16.935862
8702,14.667109
8703,15.189868
8704,17.545877
8885,17.315422
8902,24.87336
8903,28.187954
8904,28.828835
9051,20.005693
9052,22.573269
9053,18.519983
9054,22.19796
9055,22.463121
9056,22.53849
9057,21.076836
9058,19.613594
9363,37.643833
9364,39.47716
9365,33.700344
9366,31.710571
9367,35.65546
9368,37.369736
9386,6.621421
9387,6.1198273
9388,7.251285
9389,8.155409
9391,9.808419
9412,18.437498
9414,17.061243
9415,15.981123
9416,13.901104
9417,14.073221
9418,11.529623
9419,12.998377
9434,15.469565
9439,25.785929
9440,23.85185
9441,21.014475
9442,26.592709
9459,38.00834
9460,38.164
9461,39.55196
9462,33.06171
9463,35.52676
9464,31.455849
9479,15.185374
9480,17.968212
9481,17.104916
9482,19.379389
9524,35.893124
9525,33.28563
9526,34.770065
9527,32.149055
9528,29.917253
9529,27.900122
9545,17.288908
9551,36.50068
9552,34.58116
9569,13.045389
9570,13.968798
9576,18.889565
9577,17.080444
9578,15.268441
9630,12.902942
9643,25.53077
9644,22.789871
9645,23.485851
9650,20.65239
9651,19.06396
9668,25.866606
9669,27.366543
9670,24.577559
9673,30.77533
9674,28.328815
9675,32.38597
9694,16.41058
9699,34.24491
9700,33.65231
9701,35.998257
9721,22.040382
9723,17.843687
9724,19.613655
9725,30.292187
9741,12.309446
9742,13.767711
9743,12.84586
9745,15.470251
9754,16.810444
9756,15.912643
9757,14.296714
9758,13.903523
9759,13.213973
9825,32.847073
9826,31.933893
9827,30.726503
9828,34.009315
9829,34.926266
9864,30.444082
9865,37.318607
9866,36.326458
9867,33.29235
9868,34.376324
9884,13.389723
9885,13.649701
9886,14.744676
9888,15.877379
9893,25.439093
9913,17.933712
9915,16.42781
9916,15.010494
9917,29.484344
9918,29.090233
9919,24.230486
9939,32.481728
9940,34.864773
9941,33.58962
9942,25.702156
9943,28.629946
9944,25.29889
9945,25.00586
9962,19.829678
9963,18.2711
9964,26.146255
9966,23.974604
9967,22.893456
9989,24.451435
9990,26.758026
9992,27.999262
9993,20.442175
9994,22.510937
9995,19.11993
10014,29.232542
10015,29.306337
10016,27.822575
10054,26.383543
10055,27.517618
10056,29.572971
10058,20.734821
10059,24.524961
10060,22.306326
10099,36.321953
10100,36.137
10101,38.983692
10102,35.156006
10103,32.38253
10126,16.009064
10131,34.98924
10132,28.637518
10133,35.435402
10155,36.661324
10156,34.607166
10157,32.617023
10158,34.69248
10159,30.772894
10160,28.359657
10176,23.023312
10182,33.88988
10183,36.0506
10184,34.366993
10200,12.337055
10201,12.556392
10202,11.623524
10208,17.575247
10209,15.630989
10210,14.515293
10221,24.731255
10227,33.45385
10228,27.029953
10229,34.346622
10247,29.436962
10248,35.24071
10249,35.933743
10250,32.57538
10251,34.09817
10252,31.59648
10279,27.92216
10281,40.37726
10282,38.301807
10283,40.85437
10284,42.500732
10312,26.422503
10313,23.713163
10314,23.315792
10317,24.645597
10318,25.188162
10319,22.75926
10320,23.822588
10349,27.399197
10350,25.705273
10351,30.140055
10352,29.238117
10446,18.360813
10447,17.316772
10448,25.348965
10449,30.46036
10450,31.146715
10531,33.393463
10532,32.01983
10533,31.28256
10534,25.925627
10535,27.722294
10536,30.170418
10576,12.528751
10581,29.394157
10582,31.406723
10633,28.346117
10634,32.172745
10635,33.60531
10636,24.378408
10637,23.89282
10638,25.328735
10639,28.233896
10658,33.775417
10659,32.801113
10660,30.461376
10661,30.755783
10662,29.161171
10663,25.491043
10664,26.747934
10665,14.020082
10666,13.426287
10667,14.571201
10668,14.07
10669,13.824041
10671,14.07
10672,13.964886
10720,16.44711
10721,16.30767
10723,16.529194
10724,14.432005
10725,13.171682
10726,13.8947115
10727,13.545663
10747,29.865742
10748,31.092773
10749,32.08496
10821,13.559125
10900,19.349585
10901,31.329151
10902,40.064865
10903,39.618702
10963,32.713425
10964,30.436224
10965,34.362793
10966,36.661594
10967,34.10207
11144,8.908013
11174,24.828514
11175,23.14219
11176,24.419197
11178,21.50611
11179,15.379954
11180,16.905888
11212,34.00515
11213,32.265472
11214,27.64098
11215,27.667772
11274,30.960999
11275,29.250795
11276,26.47227
11277,36.37601
11279,33.003277
11280,33.87519
11306,23.772873
11307,22.990398
11309,25.761732
11310,16.607042
11311,15.4642725
11312,18.922182
11313,20.460901
11334,29.990318
11335,31.400291
11336,26.005707
11337,23.97847
11338,22.821802
11339,22.244915
11340,15.765084
11341,15.059067
11342,16.883171
11343,18.358204
11344,20.027468
11345,19.270693
11346,21.615812
11378,28.265905
11379,24.206945
11380,26.44752
11381,22.407795
11382,20.908247
11383,17.744524
11384,19.115406
11409,24.408602
11410,29.43949
11411,27.34176
11412,31.461107
11440,24.632242
11441,21.729345
11442,22.798624
11443,20.477892
11465,25.201124
11466,29.067858
11467,27.563295
11468,31.250578
11499,35.49886
11500,29.213675
11501,30.953648
11502,26.882738
11503,24.343428
11504,22.349714
11505,19.629576
11690,33.47012
11691,30.885582
11692,32.68992
11693,29.182793
11694,26.101524
11941,15.578996
12297,16.751095
12298,15.464174
12299,31.030983
12300,29.826916
12346,13.175633
12347,14.122298
12348,12.450008
12349,15.292968
12350,14.797198
12351,16.3176
12505,14.764465
12506,14.348404
12566,19.351002
12567,18.51438
12568,21.648153
12572,16.762463
12627,36.112
12628,32.77381
12629,32.326653
12630,29.684889
12672,33.403717
12673,30.879938
12675,34.449657
12676,27.550192
13272,28.480429
13274,23.197655
13275,25.143297
13276,19.683989
13277,19.15802
13278,17.901695
13279,16.487938
13398,16.806402
13399,15.876898
13401,19.240938
13407,22.201063
13408,16.792282
13546,11.148789
13548,33.052322
13549,31.920774
13550,34.359627
13588,20.23228
13589,21.934328
13590,18.334227
13592,26.63785
13593,23.202372
13594,25.14577
13653,29.410067
13654,26.888008
13655,30.57279
13727,25.890083
13728,23.104843
13729,24.52671
13735,16.353127
13736,15.380344
13737,21.020967
13738,17.371225
13884,8.518778
13885,8.963122
13886,6.247904
13887,6.6367493
13888,10.447034
13889,10.012406
13890,11.809727
14030,25.887102
14031,28.707634
14032,32.899715
14033,31.371492
14315,14.553675
14316,31.833412
14317,33.294895
14360,39.239494
14361,36.238922
14362,28.411814
14363,29.641245
14364,32.60628
14365,36.446083
14469,27.865347
14474,43.18321
14475,43.49045
14476,41.523037
14477,34.0723
14537,6.4379168
14643,13.869323
14644,12.410569
14645,11.568799
14763,17.366096
14764,18.771132
14765,20.996876
14771,15.710398
14772,14.167084
14773,10.93542
14774,12.35239
15109,24.531288
15110,21.847363
15111,20.568666
15327,32.819496
15328,34.520817
15329,37.683773
15331,26.972866
15332,25.266314
15333,29.405691
15334,30.70158
15395,12.873949
15486,32.382263
15488,30.02234
15489,27.439917
15490,25.617294
15491,24.136625
15492,20.217503
15493,22.711739
15579,28.17396
15614,31.002974
15615,31.824543
15617,35.431213
15618,21.741112
15619,19.545122
15620,24.58837
15621,28.396442
15668,35.045563
15670,34.269005
15671,32.526413
15672,25.674435
15673,20.725748
15674,24.008543
15758,16.016384
15763,29.743738
15764,28.273218
15765,28.671093
15808,35.163998
15809,38.232243
15810,39.016262
15811,31.104052
15812,34.073437
15869,28.028282
15870,31.092598
15872,32.811844
15873,22.845665
15874,26.987268
15875,24.213985
15907,30.78566
15908,32.71998
15909,31.889845
15910,27.780731
15911,29.65827
15912,26.965849
15913,25.520342
15941,33.49782
15942,33.625336
15943,27.794596
15944,26.501892
15945,30.766005
15946,28.915129
16015,35.677372
16017,32.24032
16018,31.172253
16019,27.77736
16020,28.738007
16021,25.413088
16022,23.410334
16065,13.909157
16070,18.100344
16071,20.998709
16130,25.503344
16131,21.422134
16132,23.760199
16137,18.971363
16162,23.34329
16163,21.85267
16166,28.377691
16167,26.2769
16168,29.79522
16196,28.943907
16197,24.612886
16198,26.298008
16202,20.23678
16203,21.854265
16204,18.649353
16205,17.476643
16262,20.035582
16263,22.73428
16265,33.649544
16266,35.33187
16267,32.94968
16294,24.16041
16295,25.574883
16296,22.549135
16297,21.269535
16299,33.4118
16300,30.918684
16301,28.501167
16556,33.7965
16557,32.035385
16558,26.180758
16559,28.822527
16649,24.394972
16650,21.903913
16651,24.68093
16652,24.251165
16653,17.558577
16654,23.79693
16655,23.111479
16656,18.972597
16657,25.470339
16774,7.4744906
16823,33.1821
16824,36.3844
16825,35.425278
16826,24.767946
16827,27.47342
16828,27.549139
16829,26.43558
16830,28.01288
16831,28.056608
16832,25.389547
16843,5.7520714
16860,24.55415
16862,25.14346
16863,24.973896
16864,25.550915
16865,22.124664
16866,21.987064
16867,21.364452
16868,21.369967
16869,20.22468
16870,21.887533
16871,23.382181
16872,24.984833
16873,24.898815
16875,26.110249
16878,24.872795
16879,28.75562
16880,28.087086
16881,27.837868
16882,28.061977
16883,28.622234
16884,26.006346
16973,36.100475
16974,29.535547
16975,35.315704
16976,31.867378
16977,27.721813
16978,28.380173
16979,27.344746
16980,27.117573
16981,27.53364
16982,28.925919
16983,25.932835
16984,23.60601
16985,26.078743
16986,26.986702
16987,26.907623
16988,25.460033
16989,28.562443
16990,26.132591
16991,25.137138
16992,25.476524
16993,25.68615
16994,25.066242
16995,25.957855
16996,23.572083
16997,27.471733
16998,26.950836
16999,27.044495
17000,27.778374
17001,28.174324
17002,27.462666
17003,26.975178
17004,25.60812
17005,23.536629
17006,25.508736
17007,25.778286
17008,26.37296
17009,17.66451
17010,25.511806
17011,27.52538
17012,27.253246
17013,26.486156
17014,28.724365
17015,28.017273
17016,27.772057
17017,29.227566
17018,28.449184
17019,20.800488
17020,14.342709
17021,27.830027
17022,28.100994
17023,28.414894
17024,28.87659
17025,26.1905
17026,27.393158
17027,27.465172
17028,26.21503
17029,28.931973
17030,28.228111
17031,24.357222
17032,27.2552
17033,26.987423
17034,26.560085
17035,25.721073
17036,19.694082
17037,25.4637
17038,26.164139
17039,22.696943
17040,26.416908
17041,25.794426
17042,26.013363
17043,25.667295
17044,26.982658
17045,27.253246
17046,19.516872
17047,26.520916
17048,26.552814
17049,25.627213
17050,20.336657
17051,10.826894
17052,10.162472
17053,11.410287
17054,12.243188
17055,12.342945
17056,12.391424
17057,26.238266
17058,26.287235
17059,26.730495
17060,27.283127
17061,19.535818
17062,24.301743
17063,22.00468
17064,21.345215
17065,21.141172
17066,21.744728
17067,26.493034
17068,26.780258
17069,26.457298
17070,26.47453
17071,24.939714
17072,23.952229
17073,22.836004
17074,27.281857
17075,27.728954
17076,27.38049
17077,26.653618
17078,25.384693
17079,26.167542
17080,23.45778
17081,25.676266
17082,19.084349
17083,27.026875
17084,26.515888
17085,27.769852
17086,27.347301
17087,19.347942
17088,27.231586
17089,28.707943
17090,28.224476
17091,17.996439
17092,18.123228
17093,20.791283
17094,26.422981
17095,24.063253
17096,26.558395
17097,19.313221
17098,21.343554
17099,11.474341
17100,17.782679
17101,17.948883
18099,16.908897
18100,13.549161
18101,13.290465
18102,27.404215
18103,29.492182
18384,16.021877
18697,31.20375
18838,18.648573
18839,17.792568
18841,20.540474
18846,15.771742
18947,30.708605
18949,28.701021
19662,27.419985
19663,25.064037
19664,23.822878
19665,21.723232
19666,20.840109
19667,18.21423
19668,19.550997
19716,8.8494215
19717,9.893394
19718,10.629545
19719,11.94418
19720,13.595405
20639,25.886047
20640,23.48007
20641,21.470863
20642,19.367014
20643,17.451866
20682,29.938683
21070,15.804544
21071,13.177348
21072,14.649657
21073,11.147085
21074,11.642857
21075,10.885255
21331,30.916498
21332,25.500898
21333,28.06889
21334,33.81192
21335,27.978859
21338,25.569738
21339,23.609419
21345,30.496754
21353,18.180014
21354,26.58621
21355,24.675583
21356,27.702791
21357,29.05197
21358,28.685934
21359,24.042677
21367,26.429058
21368,31.19716
21369,29.960459
21370,30.820566
21371,22.73192
21372,21.472889
21373,27.340208
21374,26.368418
21375,27.748617
21376,27.950247
21377,25.091934
21378,14.331905
21379,27.036007
21380,27.518402
21381,26.602776
21382,27.76384
21383,27.008884
21384,26.222412
21385,27.312885
21386,25.975334
21387,21.07357
21388,16.093058
21389,26.936031
21390,26.069126
21391,27.57241
21392,19.926418
21393,16.351326
21783,31.23005
21784,28.458075
21785,20.979986
21786,25.444252
21787,27.074173
22173,29.396654
22174,26.31273
22175,21.868477
22176,19.403482
22177,24.359684
22178,30.233639
22179,32.074184
22246,28.789368
22247,26.761442
22248,20.929224
22249,17.882105
22250,18.857794
22251,22.385067
22252,25.813274
24703,29.03479
24704,29.334135
24705,29.635477
24706,29.193874
24707,29.480677
24775,35.5032
24776,26.876904
24777,28.3872
24778,29.551167
24779,34.061752
24780,31.334208
24781,16.303879
24782,18.172607
24783,14.850761
24784,14.388114
24785,14.442407
24786,18.362831
24787,19.527874
24815,35.220592
24816,33.491547
24817,25.137085
24818,27.13427
24819,29.213701
24820,31.759956
24821,31.007423
24830,35.653587
24831,28.739258
24832,31.40379
24833,33.984924
24834,29.720278
24835,27.38349
24836,19.452515
24837,18.63668
24859,19.042677
24860,21.410799
24861,30.110956
24862,29.520567
24863,24.291689
24864,18.619263
24865,17.027992
24866,20.522125
24867,19.569748
24868,23.40857
24869,22.001232
24891,20.26015
24892,21.447296
24893,19.818619
24901,32.44924
24902,33.026566
24903,30.93003
24904,29.621075
24905,27.25863
24906,27.991148
24917,26.198732
24918,23.634975
24919,22.196384
24920,28.128386
24921,23.618683
24932,36.063793
24933,35.75489
24934,32.23638
24935,24.767914
24936,25.727594
24937,28.045618
24938,24.376375
24939,25.240137
24940,25.374235
24947,27.729837
24948,26.680351
24955,25.388268
24956,23.977652
24959,33.03202
24960,25.51364
24961,15.861897
24962,15.328988
24963,15.001058
24964,17.83826
24965,17.152527
24966,18.734303
24967,19.796574
24989,18.694103
24990,17.12082
24991,15.613439
24992,16.51184
24993,14.986756
24994,15.243014
25003,28.119734
25004,28.955587
25005,29.184366
25006,27.440805
25007,32.03267
25008,31.533522
25018,37.10465
25019,29.736338
25020,32.293167
25021,35.020706
25022,21.293291
25023,20.798195
25024,19.62386
25025,22.237597
25026,22.942076
25031,23.949556
25032,24.631487
25033,23.210928
25045,20.237959
25046,24.974295
25047,23.212828
25048,18.933289
25049,19.223652
25050,21.581778
25051,24.723475
25052,25.263163
25060,21.9234
25061,28.464186
25070,30.353626
25071,32.939156
25072,26.299109
25073,25.051804
25074,28.22699
25075,30.569952
25076,32.278587
25077,23.121443
25078,24.949064
25079,25.287973
25091,26.237326
25092,25.335886
25093,25.32614
25094,24.153631
25095,26.556805
25103,26.748682
25104,27.294432
25106,25.276083
25107,26.036734
25108,26.718805
25109,21.18709
25110,23.539963
25111,23.960012
25114,28.325518
25115,27.253294
25128,26.232048
25131,32.52164
25132,32.116684
25133,25.182163
25134,22.240572
25135,24.023088
25136,20.171928
25137,18.823105
25138,21.296267
25141,26.026716
25142,25.50263
25147,23.612608
25148,25.259974
25151,21.027784
25152,19.188948
25153,23.665518
25154,21.881227
25155,20.452654
25156,21.653475
25159,23.713053
25160,23.090387
25166,20.459011
25167,22.138819
25172,18.813904
25173,17.71363
25176,24.368622
25177,25.346848
25178,22.299978
25179,20.951159
25180,23.424316
25184,27.323303
25185,26.82639
25190,21.887821
25191,23.069738
25196,21.09758
25197,19.406052
25200,20.15738
25201,21.961304
25205,25.273916
25206,23.070068
25211,28.29424
25212,29.507334
25220,24.595407
25221,22.72582
25224,21.478834
25225,20.170795
25226,26.935835
25227,24.563978
25228,23.204126
25231,27.56296
25232,28.761261
25238,24.815369
25239,23.045235
25242,26.946516
25243,28.210855
25244,16.443312
25245,20.506556
25246,18.112856
25249,21.190859
25250,23.543211
25254,25.106686
25255,29.831987
25256,29.68699
25257,29.115877
25258,28.007925
25259,27.354921
25260,19.286814
25261,22.764536
25262,20.621397
25263,22.980402
25264,23.15688
25275,27.730091
25276,27.748617
25277,26.368418
25278,27.30504
25279,25.836336
25280,24.356794
25281,23.4237
25282,23.002138
25283,25.366117
25284,26.093708
25293,26.209827
25294,25.776049
25295,23.227728
25296,24.163267
25297,21.737654
25305,27.505636
25306,28.83582
25307,24.168715
25308,23.210928
25309,21.028337
25310,26.561018
25311,25.657076
25312,21.26135
25313,23.009298
25314,20.454273
25315,26.173859
25316,23.8383
25327,23.852028
25328,25.7271
25329,23.400263
25330,21.720156
25339,25.854149
25340,25.408623
25341,22.5204
25342,24.681032
25343,22.390589
25344,19.752007
25345,21.039186
25346,24.423527
25347,23.378834
25348,25.524857
25349,27.844816
25350,27.312735
25351,28.283543
25352,28.688564
25360,26.817665
25361,25.237041
25362,22.894209
25363,24.296045
25364,21.546738
25365,20.229942
25366,22.98464
25367,21.219194
25368,23.40691
25369,25.70198
25376,23.41257
25377,23.210928
25378,24.705576
25379,25.657076
25380,26.533846
25381,27.505636
25382,28.924927
25383,28.528515
25384,25.850918
25385,26.613865
25390,25.265608
25391,24.705976
25392,23.18484
25393,24.180765
25394,23.818445
25395,22.779394
25396,25.801168
25397,26.360422
25401,27.639435
25402,27.181618
25403,26.884052
25404,27.852203
25409,24.958426
25410,24.096182
25411,20.87082
25412,22.10485
25413,22.968393
25414,20.71033
25415,19.775774
25416,21.957312
25417,23.826899
25422,26.11063
25423,25.717342
25424,26.46275
25425,27.188892
25429,26.039541
25430,24.40164
25431,23.220953
25432,22.18872
25433,24.006884
25434,19.568682
25435,17.35305
25436,18.206127
25437,21.355108
25438,22.779577
25444,25.392307
25445,24.705204
25446,27.910263
25447,28.63641
25452,27.487055
25453,25.554705
25454,23.315859
25455,24.070131
25456,24.06626
25457,23.819393
25458,24.628736
25459,25.194763
25465,26.809082
25466,26.061806
25467,24.670303
25474,22.28743
25475,20.822962
25476,27.61939
25477,27.935654
25478,24.213034
25479,25.712156
25483,28.933289
25484,28.265057
25485,23.335749
25486,22.897211
25487,21.313505
25488,23.25255
25489,26.342142
25490,27.67865
25491,25.012398
25492,25.95106
25493,27.918072
25494,28.769909
25498,26.133568
25499,25.491692
25501,22.773329
25502,21.584578
25503,25.661556
25504,24.327394
25505,20.245806
25506,22.09016
25507,18.039732
25508,16.734852
25509,19.006933
25511,22.447735
25512,22.507568
25517,24.979553
25518,24.34666
25520,21.716223
25521,21.637735
25522,24.017254
25523,23.970835
25524,25.980444
25525,26.840305
25526,22.158949
25527,23.952078
25529,27.037712
25530,27.256935
25533,27.421604
25534,26.653294
25537,23.088257
25538,21.6505
25539,22.331482
25540,26.337254
25541,23.985899
25542,14.868235
25543,23.284529
25544,22.274012
25545,23.01148
25546,21.761587
25547,20.060179
25548,23.93592
25549,24.448315
25551,24.74165
25552,25.882603
25557,28.007072
25558,27.066418
25560,26.953197
25561,26.643826
25562,23.826572
25563,22.387848
25564,24.479965
25565,28.909914
25566,28.798044
25567,23.888079
25568,25.689943
25569,30.35584
25570,29.205095
25571,29.71707
25572,23.25255
25573,22.897211
25574,23.335749
25575,20.972643
25576,19.655558
25577,21.930426
25578,23.551537
25579,23.168583
25581,24.686365
25582,25.045652
25585,25.865454
25586,28.41803
25587,28.164436
25588,25.971786
25589,26.3037
25590,25.663502
25591,25.56183
25592,25.25867
25593,26.11493
25594,25.89037
25598,22.98464
25599,23.40691
25600,25.29205
25601,25.894962
25602,28.911312
25603,28.794075
25604,28.202026
25605,27.498274
25606,14.459559
25607,28.413742
25608,23.678402
25609,15.280606
25610,26.586172
25611,26.05409
25612,27.289925
25613,27.590061
25614,26.939678
25615,26.307735
25616,26.855083
25617,26.342842
25618,25.668463
25619,20.128756
25620,24.038063
25621,29.254173
25622,26.885267
25623,27.137949
25624,27.264454
25625,27.963425
25626,28.687084
25627,25.766665
25628,28.23441
25629,27.890617
25630,26.59851
25631,26.280855
25632,27.044037
25633,27.672241
25634,28.237034
25635,20.917933
25636,27.527596
25637,23.480967
25638,28.413742
25639,28.931915
25640,28.71164
25641,27.949902
25642,27.837788
25643,27.27684
25644,28.009678
25645,28.425777
25646,28.887474
25647,28.314903
25648,13.911207
25649,12.142018
25650,21.541878
25651,22.503925
25652,21.697832
25653,21.355778
25654,25.255142
25655,25.448124
25656,25.916206
25657,26.037437
25658,24.668606
25659,26.777447
25660,27.389591
25661,20.60789
25662,27.955132
25663,27.451988
25664,26.759449
25665,26.398113
25666,27.78051
25667,27.26005
25668,27.775108
25669,28.39106
25670,28.809448
25671,27.846115
25672,20.345892
25673,26.108482
25674,26.397766
25675,26.618797
25676,26.53881
25677,23.718853
25678,17.150434
25679,21.017136
25680,23.817886
25682,23.324493
25683,23.66681
25684,22.345903
25685,19.027739
25686,19.391869
25687,26.291115
25688,26.212383
25689,26.5321
25690,26.955868
25691,23.179789
25692,23.992437
25693,28.856491
25694,28.317429
25695,28.332458
25696,27.704254
25697,27.258732
25698,20.962276
25699,21.418491
25700,21.817307
25701,15.2814245
25702,21.50716
25703,25.200928
25704,22.718548
25705,26.100899
25706,26.511154
25707,25.746796
25708,27.704254
25709,28.332458
25710,28.415482
25711,28.856491
25712,23.996176
25713,27.2333
25714,19.61717
25715,27.446552
25716,27.666885
25717,26.684814
25718,26.18912
25719,25.675985
25720,28.389597
25721,29.292917
25722,28.361385
25723,28.380173
25724,28.780277
25725,27.56279
25726,27.317574
25727,18.048086
25728,27.94656
25729,26.303154
25730,20.307104
25731,25.66366
25732,26.461462
25733,27.699291
25734,27.345425
25735,25.598248
25736,26.5937
25737,25.245665
25738,24.705976
25739,26.167542
25740,25.906796
25743,27.753027
25744,28.152317
25745,27.851406
25746,27.427856
25747,27.699291
25748,26.461462
25749,25.886412
25750,26.836597
25751,17.003397
25752,28.175123
25753,28.441526
25757,24.101833
25758,23.157528
25759,25.098879
25760,27.416666
25761,26.948832
25762,28.71164
25763,28.931973
25764,27.949902
25765,26.941072
25766,27.498274
25767,28.511795
25768,20.964212
25769,16.082592
25770,22.2285
25771,27.06388
25772,27.425217
25773,28.160168
25774,28.663368
25775,27.913307
25776,14.752593
25777,21.466331
25778,27.57687
25779,28.048409
25780,23.332932
25781,21.512781
25785,19.64858
25786,21.310713
25807,25.149082
25808,23.260609
25809,21.51968
25810,22.142529
25811,20.406708
25812,18.730465
25813,17.55949
25814,16.373352
25815,18.564255
25816,19.887611
25837,23.361122
25838,21.18514
25839,19.79874
25840,20.636173
25841,18.377388
25842,18.540894
25843,21.22168
25844,22.686295
25845,24.172956
25854,25.888033
25855,31.631441
25856,18.064423
25857,18.858727
25858,21.753109
25859,20.397865
25866,24.028492
25867,22.637104
25873,21.197765
25880,34.438995
25881,36.085358
25882,33.541336
25883,31.465866
25892,29.72783
25893,31.52957
25894,33.605
25895,35.661427
25896,32.60886
25906,26.95338
25907,32.77582
25908,30.564726
25909,29.469814
25910,27.290075
25911,26.311161
25912,22.097569
25913,23.634678
25914,25.08149
25925,32.944042
25926,32.937706
25927,19.878834
25933,22.681267
25934,21.362576
25939,29.087448
25940,30.345833
25950,27.623442
25951,29.874514
25952,30.597818
25953,33.399254
25954,32.497025
25959,19.7808
25973,27.910414
25974,28.992529
25975,30.281775
25976,27.474403
25977,25.045164
25978,24.06625
26054,32.66355
26055,34.54103
26056,34.328953
26069,19.294601
26072,20.204178
26073,21.215694
26082,21.036163
26083,19.47609
26086,18.50224
26091,30.537518
26092,30.543856
26205,25.698168
26206,18.476318
26207,20.492926
26208,21.438492
26209,25.202293
26210,23.734253
26211,20.878435
26212,18.950968
26221,23.691452
26222,31.26329
26223,15.82182
26230,16.673405
26231,18.716286
26245,31.924742
26246,33.556786
26247,32.305714
26248,29.704687
26249,27.29145
26250,30.230268
26251,19.67417
26252,21.147245
26262,25.447199
26263,30.309923
26264,15.355301
26265,15.308007
26272,16.98305
26273,14.902199
26285,20.234497
26286,21.80965
26293,19.294601
26294,25.849033
26295,30.327347
26307,27.389301
26308,31.219734
26309,33.212414
26310,35.786304
26311,35.436386
26312,29.243437
26313,30.02812
26314,27.699522
26315,27.149836
26316,30.928408
26329,34.622112
26330,36.08772
26332,26.479208
26333,27.736097
26334,31.998142
26335,30.149334
26349,31.737085
26350,28.748093
26351,27.031918
26352,23.29018
26353,22.074894
26354,20.157515
26379,35.71433
26380,26.679646
26381,28.600342
26382,31.065361
26383,35.12421
26384,32.496597
26398,34.92016
26399,33.990192
26400,31.56871
26401,30.182573
26413,22.703518
26414,25.132757
26415,17.264462
26416,18.258509
26417,21.415243
26418,23.550081
26419,21.110514
26429,30.573103
26430,34.203762
26431,32.497147
26443,29.725101
26444,31.962872
26445,26.095016
26446,28.175987
26447,26.674454
26459,31.172417
26460,34.439537
26461,31.70352
26462,32.65182
26463,29.132395
26464,27.204514
26465,24.680304
26466,25.808249
26467,28.066488
26468,26.329733
26469,28.54825
26470,29.602503
26493,28.284443
26494,34.03687
26495,30.987854
26496,33.703445
26497,29.130245
26498,27.528841
26499,25.723112
26500,18.290485
26510,32.687065
26511,31.055017
26526,31.747074
26527,28.684858
26528,22.319075
26529,20.01907
26530,27.300955
26531,24.634111
26541,27.933147
26542,35.268005
26543,36.379383
26544,32.268776
26545,29.803757
26546,32.96987
26547,20.829714
26558,30.194763
26559,28.695145
26560,27.150658
26561,17.742739
26568,19.663832
26569,18.652315
26574,35.516518
26575,34.79552
26576,30.341948
26577,19.175713
26578,19.92339
26579,21.460102
26589,28.527
26590,17.17391
26596,19.750874
26597,18.113806
26606,20.522854
26607,21.812557
26614,18.98574
26615,18.401894
26616,17.666286
26617,13.40305
26618,13.807819
26624,15.440405
26625,14.461084
26706,20.893448
26707,22.120083
26710,19.47261
26711,25.849033
26712,15.088144
26713,15.012494
26714,15.539469
26715,18.305153
26716,16.99812
26719,21.24213
26720,19.423237
26769,18.278574
26770,20.63555
26775,16.827375
26776,17.346342
26777,16.757584
26778,15.515807
26779,15.858787
26812,21.436491
26813,19.960924
26816,35.291515
26817,33.071728
26818,33.221264
26851,20.49021
26856,35.47587
26857,30.87637
26858,33.429028
26859,35.794773
26918,15.3838415
26919,16.965254
26924,18.727293
26925,17.749418
26996,20.31511
26997,21.326626
27001,19.405533
27002,18.219402
27003,18.747982
27004,19.878136
27005,16.932499
27006,16.562073
27007,18.385612
27011,22.49134
27012,21.133
27017,19.987268
27025,34.54103
27026,32.66355
27027,32.53312
27058,20.342905
27063,22.940756
27064,21.304533
27067,30.916584
27110,20.815943
27111,18.672089
27112,22.830008
27113,24.906652
27116,25.428137
27117,26.755213
27132,21.57607
27135,25.772001
27136,31.541178
27137,29.01671
27138,31.20888
27139,18.997625
27140,21.210014
27141,19.950727
27142,26.838053
27143,27.665232
27144,28.379501
27145,28.426067
27146,26.341139
27147,13.325159
27148,27.844257
27149,24.507084
27150,19.056726
27151,27.033398
27152,26.953411
27153,26.812366
27154,26.56715
27155,26.173859
27169,23.817533
27170,22.932028
27171,19.438303
27175,25.47901
27176,26.787912
27178,29.684378
27194,21.637146
27197,20.176651
27198,18.717545
27202,32.652447
27223,26.707008
27224,28.89147
27225,30.52584
27226,22.974903
27227,23.914467
27228,24.52097
27258,35.675648
27259,34.28336
27260,36.83991
27261,32.45408
27262,30.451874
27263,28.359983
27284,34.356503
27285,35.342693
27286,33.672047
27287,39.317932
27288,37.390682
27289,15.882419
27290,16.680477
27291,18.615139
27294,20.036736
27330,30.143078
27331,37.69633
27332,36.831493
27333,34.28172
27334,33.802406
27382,17.372383
27383,18.89106
27386,21.54205
27387,26.984695
27388,30.291124
27407,23.845964
27408,31.82177
27409,28.044323
27410,30.295395
27411,30.7692
27412,32.24515
27423,29.706686
27424,30.742502
27425,33.346035
27427,27.383879
27428,25.454824
27429,23.299532
27441,29.753618
27442,30.32271
27443,24.824888
27444,25.489508
27445,27.98764
27472,13.693886
27473,12.89371
27474,11.306125
27475,11.399943
27476,14.730768
27477,15.8793955
27479,17.82934
27487,13.093731
27517,20.269913
27522,29.482805
27523,33.369778
27524,34.66005
27535,20.027426
27536,21.534237
27539,25.940891
27542,24.49586
27543,23.49085
27578,20.988993
27579,22.877544
27581,25.663797
27582,19.092905
27583,18.269146
27584,16.695736
27585,14.9243
27599,20.569834
27600,25.850328
27603,25.705313
27604,23.440796
27624,13.95341
27625,15.2680435
27627,17.778358
27628,12.395683
27629,11.217903
27630,11.005144
27658,22.015709
27664,37.48752
27665,35.485374
27666,35.518673
27676,22.73591
27677,24.30641
27678,25.386324
27679,27.5064
27683,33.00876
27684,30.681076
27685,29.007437
27699,26.980494
27700,29.078222
27701,32.696747
27705,25.045134
27706,23.14356
27707,21.58531
27726,32.913956
27727,30.946703
27728,29.803442
27729,25.194319
27730,24.463614
27731,27.22224
27732,29.782932
27744,22.277348
27745,19.851522
27746,16.223488
27747,18.273182
27748,24.056154
27749,26.55528
27750,27.065681
27775,14.778182
27776,24.191063
27777,21.318659
27778,26.884335
27779,26.76451
27793,19.891085
27794,17.006866
27795,23.488321
27797,23.431171
27798,21.612572
27820,27.519018
27821,29.558374
27823,32.20043
27824,23.198206
27825,25.09978
27826,19.888134
27827,21.58124
27878,12.295515
27881,28.456013
27882,30.385666
27883,26.084305
27884,29.292675
27887,11.505069
27888,10.232109
27913,30.42236
27914,28.32911
27915,31.32463
27917,25.827019
27928,24.109962
27929,20.464132
27930,23.113333
27932,33.177933
27933,28.21906
27934,31.837585
27950,30.893349
27951,28.56731
27952,35.14661
27954,24.125933
27955,24.8495
27956,21.744993
27957,26.456259
27972,32.684814
27973,27.933477
27974,30.496181
27975,26.172285
27976,25.11627
27977,23.815619
28006,38.57792
28007,36.352875
28008,32.164635
28009,31.631403
28010,34.83678
28011,36.79436
28025,25.644066
28026,24.129627
28027,22.962181
28028,27.630653
28029,29.057127
28030,31.806126
28048,28.012781
28049,25.797258
28050,23.70334
28051,19.289698
28052,20.598684
28053,21.99895
28063,19.945389
28064,20.888575
28065,22.231165
28066,22.699837
28086,24.245893
28087,23.431334
28088,21.720083
28099,21.488985
28100,23.003424
28101,23.936958
28107,20.259003
28108,18.772673
28109,16.605556
28110,14.827012
28115,20.293764
28116,20.031126
28124,30.205015
28125,31.911636
28126,28.368177
28139,26.359833
28140,36.16345
28141,34.5315
28142,36.620094
28153,23.359077
28154,22.624838
28155,25.60173
28156,26.858915
28157,29.189852
28174,31.930815
28175,28.935873
28176,27.270355
28177,23.770517
28178,25.284956
28179,22.001566
28191,35.93258
28192,36.349773
28193,29.551813
28194,31.957205
28195,27.57149
28196,33.286404
28208,21.437094
28209,20.133104
28210,17.329144
28211,18.965761
28212,26.511526
28213,24.315363
28215,28.14067
28231,26.545237
28234,22.72835
28235,25.03494
28236,19.574354
28237,20.655497
28238,22.594328
28250,21.611406
28251,23.574348
28252,22.425966
28254,25.751032
28271,32.317467
28272,31.5725
28273,33.363533
28274,29.34796
28275,26.942568
28285,22.050869
28286,23.770517
28287,20.194181
28288,27.270355
28289,26.16311
28290,29.601292
28307,28.44912
28308,24.998852
28309,26.068913
28310,22.080517
28311,20.465897
28312,23.207829
28313,22.936218
28329,20.125801
28330,21.052692
28331,18.811165
28332,23.776024
28333,21.985
28334,24.846085
28343,17.573181
28344,15.53268
28345,17.054214
28346,15.819335
28347,15.384783
28387,33.31515
28388,31.352253
28389,35.077557
28391,27.261969
28392,29.675205
28393,26.005077
28394,23.904993
28404,20.157446
28405,23.33853
28406,22.014135
28408,28.92843
28409,25.37217
28410,26.479412
28423,34.903084
28424,31.903065
28425,35.84645
28427,29.976505
28428,26.306377
28429,27.563269
28438,19.422068
28441,24.381165
28442,21.165615
28443,22.189156
28461,29.810741
28462,27.397505
28463,31.654852
28465,26.125061
28466,23.81847
28467,22.051874
28477,26.26929
28493,20.938875
28501,33.541336
28502,36.085358
28503,35.72029
28524,36.052578
28525,35.12262
28526,32.4551
28527,30.87637
28555,33.26048
28556,29.171192
28557,31.216038
28558,33.7072
28559,35.79241
28571,35.136723
28572,34.344097
28573,32.963516
28574,30.758434
28575,28.756212
28576,22.02436
28578,23.313286
28587,35.25487
28588,31.47678
28589,14.164789
28590,12.688773
28591,15.507129
28592,14.236026
28596,18.90346
28599,18.14986
28600,16.60622
28613,19.128613
28617,28.94003
28618,30.345833
28631,35.236183
28632,33.15397
28633,31.280733
28634,28.867496
28635,32.48573
28636,33.702827
28646,34.498383
28647,33.111996
28648,34.73408
28649,30.748198
28650,28.362528
28651,25.935244
28652,14.745018
28654,11.476225
28655,13.229939
28677,18.141335
28678,30.543856
28679,30.537518
28690,31.959845
28691,33.869156
28692,36.071068
28693,31.465866
28694,29.62175
28703,31.084072
28704,32.98558
28705,31.162354
28706,24.464348
28707,28.063795
28708,25.737757
28709,17.898052
28711,16.582787
28712,15.729034
28722,20.154459
28723,28.431192
28724,16.51942
28725,17.417068
28726,18.123096
28727,18.911749
28732,20.864538
28733,21.477669
28734,22.927446
28744,18.763145
28746,17.224499
28747,17.02052
28752,15.68248
28756,14.266463
28757,15.402747
28759,16.798203
28771,17.985008
28772,16.596405
28773,15.0936165
28777,24.974558
28778,30.901365
28779,16.217367
28780,18.135044
28781,17.577251
28786,19.52221
28787,20.420778
28788,21.566065
28803,16.039715
28804,14.515795
28805,14.611417
28810,12.935168
28814,19.602879
28815,20.301418
28816,21.916702
28834,30.482391
28835,33.650806
28836,27.260231
28837,31.101023
28843,16.029518
28844,17.732548
28847,19.256477
28848,15.579378
28864,29.377531
28865,32.821835
28866,31.303675
28867,28.813528
28868,27.937931
28884,16.428066
28885,17.016321
28886,18.254515
28888,13.639899
28889,12.874511
28890,13.762122
28891,14.387253
28901,20.296806
28902,18.611198
28903,16.804058
28904,17.175678
28906,23.599669
28907,21.83696
28908,21.031036
28929,34.04206
28930,35.37592
28931,25.154905
28932,27.560293
28935,27.860373
28936,27.16953
28937,29.470446
28938,29.989313
28939,10.910769
28940,11.542393
28941,13.192051
28947,10.12894
28948,9.540506
28949,8.690108
28970,14.692375
28971,35.493546
28972,36.36306
28973,33.011597
28974,27.568651
28975,18.561079
28987,33.737507
28988,35.665672
28989,33.909878
28998,34.544613
28999,33.997246
29000,28.5102
29001,26.589506
29002,31.746157
29003,31.294565
29004,23.099136
29007,24.691444
29010,16.935713
29011,28.503021
29015,22.335424
29018,20.931599
29019,22.66568
29020,19.503359
29021,23.497473
29022,23.341234
29023,22.474678
29025,25.047886
29031,26.673098
29032,18.221632
29033,17.189161
29034,18.368015
29035,19.824242
29040,23.927261
29042,21.267313
29043,23.007675
29044,23.868818
29045,23.400263
29047,25.784378
29052,20.76912
29053,19.656128
29054,12.024923
29055,23.01148
29056,24.752748
29057,27.563206
29058,26.75823
29059,27.670591
29060,26.237326
29061,28.165098
29062,23.034437
29063,21.24801
29064,23.216745
29065,25.010101
29066,25.829475
29075,23.119331
29076,22.90377
29077,21.018631
29078,18.1561
29079,19.96002
29080,15.902077
29081,17.256666
29082,21.720156
29083,23.50465
29084,22.98464
29085,25.7271
29086,25.967014
29087,26.177666
29094,26.71511
29095,26.573528
29096,26.53923
29097,25.571264
29098,26.093708
29099,23.868818
29100,23.05604
29101,26.435148
29102,27.830147
29103,26.96723
29104,28.031693
29105,28.14893
29106,27.163958
29107,26.857151
29110,26.389069
29111,26.196087
29114,23.478746
29115,23.901016
29116,24.66218
29117,23.566837
29118,22.769745
29121,26.593536
29122,27.000576
29124,27.69168
29125,21.466331
29126,19.309826
29127,14.668101
29128,20.333418
29129,14.773952
29130,14.692796
29131,8.83287
29132,19.547014
29141,4.9407454
29158,24.328136
29159,24.795044
29160,27.28519
29162,22.96774
29185,36.44161
29186,31.854769
29187,30.136543
29188,27.635746
29189,25.7834
29190,24.812595
29221,26.958298
29222,27.847855
29223,30.842731
29224,21.012728
29225,23.45846
29226,24.972898
29237,36.195087
29239,33.391197
29240,31.236523
29241,29.807077
29242,28.781666
29243,27.381184
29244,26.250395
29245,13.998233
29246,14.458268
29247,14.826043
29248,15.010677
29249,14.801081
29251,16.48409
29288,13.90799
29290,13.480066
29301,29.379559
29302,28.087954
29304,31.154032
29308,25.688784
29309,24.926691
29332,25.060656
29334,22.092196
29358,21.636572
29359,19.790693
29361,23.461481
29362,17.012674
29363,18.561817
29364,15.057689
29365,14.071165
29373,23.657024
29382,26.372349
29383,23.77723
29388,17.789421
29389,22.327745
29390,19.51702
29412,29.177132
29413,24.581766
29414,26.094654
29415,20.83454
29416,22.09143
29417,18.734455
29418,16.844818
29438,19.55867
29439,22.853527
29440,21.022793
29441,24.64156
29462,16.0347
29463,26.225624
29464,29.064514
29465,29.976358
29477,34.97758
29479,30.91705
29480,33.35504
29491,40.35085
29492,39.46833
29493,41.37623
29494,35.867558
29495,33.946835
29496,32.539257
29497,38.65193
29511,16.949406
29512,20.194489
29514,17.530788
29515,18.707214
29539,17.34129
29540,17.068073
29542,17.598457
29543,30.694363
29544,28.643013
29559,35.049797
29560,36.58855
29561,32.10485
29562,32.30253
29603,19.324524
29608,33.988853
29609,31.465866
29610,36.071068
29611,33.869156
29629,22.344814
29630,21.23638
29631,24.565945
29632,17.49929
29633,19.562874
29634,20.924446
29681,32.55872
29682,33.178936
29683,35.407673
29684,31.444885
29685,29.74778
29686,27.334543
29733,16.021713
29734,17.941685
29735,19.61148
29736,18.716824
29737,20.72153
29738,18.962034
29820,28.821991
29821,30.575665
29844,17.280235
29875,15.6600065
29876,14.421513
29877,12.961677
29878,11.7895
29879,11.253087
29880,10.991257
29881,10.013968
29904,24.720627
29905,26.55478
29935,28.343971
29936,24.029762
29937,24.071527
29938,17.114279
29939,19.095718
29940,21.447039
29941,22.961477
29989,33.05252
29990,35.162724
29991,36.92604
29993,31.20842
30028,31.310223
30029,29.151226
30030,27.224827
30031,26.606054
30032,25.31765
30033,23.241465
30034,21.517733
30047,23.528587
30075,17.971865
30076,15.879853
30077,16.457539
30078,14.815154
30079,15.131705
30080,15.360183
30098,23.259912
30099,21.945282
30100,21.021875
30101,19.819746
30102,26.73784
30103,25.366379
30104,28.486185
30137,21.974083
30138,19.609257
30139,21.15841
30140,15.064862
30141,17.689285
30189,31.913807
30190,34.13484
30191,32.254528
30192,30.34102
30251,35.420177
30252,37.12896
30253,38.29093
30255,40.558002
30290,36.3412
30291,35.84528
30292,33.937626
30293,32.256413
30294,29.79139
30326,23.55241
30327,25.647757
30328,27.25985
30330,27.660843
30350,32.64149
30352,30.462095
30353,28.920616
30354,27.377651
30355,24.547785
30356,21.842564
30357,23.673098
30414,17.067942
30419,39.93344
30420,37.76986
30421,38.93537
30444,34.194275
30446,31.019655
30447,32.671906
30448,26.813082
30449,29.425041
30450,23.82087
30451,25.466793
30475,32.27311
30476,29.915436
30477,31.358242
30478,23.976572
30479,28.04133
30480,24.847958
30510,14.821106
30511,16.61154
30512,14.319108
30513,21.761494
30515,17.815338
30516,19.868391
30539,17.633783
30540,16.118124
30542,20.180061
30543,13.63438
30544,12.344003
30554,29.148848
30556,27.947199
30557,28.912176
30558,27.158289
30559,27.522638
30560,24.203579
30561,24.309298
30562,23.45104
30564,25.569738
30569,30.232628
30570,23.41257
30580,29.576525
30581,31.228354
30582,27.044714
30583,30.983086
30584,25.278349
30595,31.456875
30596,33.21443
30597,33.870834
30600,25.523214
30601,24.672316
30602,24.206556
30606,20.290169
30607,19.406174
30608,22.691284
30609,21.65763
30670,34.58605
30671,34.900146
30684,30.596266
30685,28.344719
30686,26.822483
30690,23.598673
30691,25.784033
30692,20.173615
30693,21.868324
30711,33.072037
30712,30.486954
30713,28.328022
30714,33.970097
30715,31.700123
30727,17.098219
30728,19.697306
30729,14.854792
30730,15.820177
30731,21.55357
30732,22.830744
30733,24.591213
30752,24.775234
30753,22.600407
30754,21.751675
30755,18.601755
30756,16.9991
30769,33.1477
30770,34.13985
30771,25.90733
30772,28.869263
30773,30.379269
30774,27.113453
30775,25.146107
30819,19.69636
30820,17.50715
30821,15.58206
30822,13.979399
30832,25.299393
30833,24.058975
30834,26.021917
30835,27.443905
30851,30.560646
30852,29.174177
30853,27.246294
30854,23.3895
30855,25.305637
30856,20.995562
30869,32.592266
30870,34.27559
30871,32.654385
30872,25.644495
30873,24.314775
30874,29.559662
30875,27.23362
30876,18.81979
30877,19.131527
30878,17.281311
30879,18.370712
30880,22.459614
30882,21.67978
30883,20.869911
30902,25.377243
30903,37.38564
30904,34.841618
30905,37.020573
30917,41.1818
30918,38.977737
30919,36.293636
30920,38.846275
30921,33.734737
30933,31.408905
30934,29.504871
30935,34.72112
30937,23.497835
30938,27.35463
30939,25.413973
30950,33.809685
30951,30.235008
30952,31.569328
30953,26.71701
30954,29.186596
30955,25.469706
30956,23.163115
30992,35.11911
30993,32.57128
30994,33.3418
30995,24.722666
30996,25.38846
30997,29.485476
30998,26.457148
31027,20.53244
31030,18.434906
31031,23.083868
31032,26.712725
31033,25.845497
31062,26.388197
31063,24.904146
31065,30.25499
31066,19.396132
31067,21.008741
31068,22.86162
31089,31.15876
31090,32.683834
31091,30.00838
31092,26.882809
31102,19.844582
31103,18.013536
31104,21.181097
31105,22.347322
31106,22.836645
31107,23.699518
31109,24.175175
31124,27.92202
31125,31.181234
31135,22.125254
31136,22.722752
31139,28.952877
31142,26.375631
31143,25.029343
31166,28.700644
31168,31.502302
31169,25.693682
31170,24.155287
31171,22.07065
31191,18.914827
31192,20.432825
31193,23.059757
31194,30.412868
31196,27.66841
31197,26.204403
31219,34.818733
31220,33.82658
31221,33.26052
31222,31.379822
31242,35.34809
31243,28.769531
31244,31.23455
31245,32.847977
31246,35.00166
31276,25.013945
31277,28.162199
31278,30.036482
31280,32.45849
31301,24.2834
31303,22.455914
31304,21.257544
31305,18.665878
31306,17.387835
31307,16.387585
31324,14.842448
31327,17.81969
31354,29.563791
31356,27.67133
31357,27.270544
31358,23.092186
31359,21.553217
31360,24.550108
31361,25.442877
31402,34.433643
31403,35.42406
31404,31.838999
31405,30.441475
31406,26.641058
31407,28.746443
31563,10.843342
31564,12.19174
31565,11.702101
31566,13.7219925
31572,18.480444
31786,9.539366
31787,18.526339
31788,19.980299
31789,20.912735
31790,21.146395
32116,15.152596
32117,12.968467
32118,14.448733
32119,12.110642
32120,18.002542
32272,21.346373
32273,19.419949
32274,22.729464
32276,13.135081
32277,14.862994
32278,17.013405
32279,16.053432
32512,17.603024
32513,15.926325
32514,18.98968
32516,14.128082
32517,14.804417
32593,12.844936
32594,11.546801
32596,14.180755
32597,12.873104
32598,13.192626
32604,19.121971
32715,14.893591
32716,13.505467
32717,17.026157
32719,13.087875
32720,15.997819
32788,12.32513
32790,14.697707
32791,13.24537
32792,13.5896
32872,19.130695
32873,17.710526
32874,16.944172
32875,16.68801
32876,15.464947
32877,12.913664
32878,14.4033985
33013,17.586752
33014,20.631977
33015,15.48241
33016,13.721022
33017,14.205826
33018,14.958506
33074,18.296598
33075,15.697965
33077,19.765259
33078,13.209186
33079,13.004171
33080,11.777484
33081,12.105168
33159,10.97687
33160,11.021587
33162,10.944992
33163,10.77165
33169,17.035818
33274,11.958738
33275,13.607622
33276,12.858601
33280,15.080296
33281,14.748865
33283,16.525848
33408,17.113016
33954,13.923884
33955,12.891405
33957,12.705974
34195,19.344696
34196,15.956753
34197,18.452168
34198,14.886253
34199,14.298887
34200,11.621048
34201,12.604869
34229,16.89664
34230,18.799303
34282,14.332754
34284,13.50861
34285,12.595738
34330,11.943887
34331,11.9401865
34333,12.380793
34334,19.87218
34393,12.241327
34395,12.060735
34396,10.94082
34397,10.742657
34450,17.800905
34451,16.579708
34452,14.497729
34453,15.436739
34454,19.594456
34455,20.914938
34457,22.83296
34510,13.341832
34511,12.337836
34512,11.729425
34517,10.540043
34518,11.733126
34545,14.405598
34546,16.081347
34547,20.199083
34548,15.097351
34549,15.421913
34550,12.9002
34551,11.585314
34648,16.704403
34650,15.153911
34651,15.145962
34652,13.8670225
34653,19.787735
34690,12.857647
34691,13.62362
34692,14.760329
34693,16.442896
34694,17.353989
34696,18.944744
34742,12.655421
34744,21.641111
34745,22.326002
34761,11.404695
34762,11.32897
34763,10.141875
34764,10.021861
34766,14.045913
34767,12.49801
34768,11.326907
34786,13.641612
34792,17.641325
34793,18.121473
34794,20.341177
34795,19.45829
34811,9.587358
34812,9.669245
34818,10.383797
34819,10.449343
34836,16.471737
34837,18.286453
34841,15.758705
34842,14.934557
34843,14.145868
34877,12.148676
34878,11.581034
34880,11.207827
34895,12.615654
34896,11.955352
34897,11.800953
34898,10.690039
34899,11.649253
34901,13.161606
34902,13.883413
34926,21.722921
34927,18.84801
34929,14.384072
34930,13.715119
34931,16.915274
34932,15.33588
34933,19.261131
34947,10.306649
34948,11.315934
34954,13.376451
34955,15.044361
35017,14.674725
35018,19.482746
35019,15.704748
35020,17.574017
35034,11.895979
35035,11.855746
35036,12.145914
35038,13.496722
35039,12.943929
35062,17.531593
35063,16.445038
35064,15.436254
35065,14.096601
35066,13.953166
35067,13.324975
35096,9.043549
35097,9.746133
35098,10.204592
35099,9.904995
35100,10.788411
35101,11.588868
35102,12.033481
35129,17.563557
35130,19.565708
35131,20.930418
35132,18.000935
35133,16.15749
35148,13.1956
35154,17.293842
35155,19.463858
35156,22.152449
35157,21.34086
35158,19.20739
35176,12.971632
35177,11.750954
35179,24.143753
35180,21.294933
35181,18.566502
35191,11.683344
35192,12.888937
35193,12.943802
35194,13.726645
35195,14.644437
35197,15.598887
35198,16.666983
35215,21.519812
35216,18.607647
35218,19.127666
35219,17.124926
35220,15.96214
35221,15.453397
35222,14.062564
35242,19.751287
35273,10.610628
35274,10.752478
35275,9.270023
35276,9.63522
35277,10.132866
35278,8.942921
35279,12.115258
35280,12.242629
35281,13.259054
35282,13.228949
35292,20.103113
35306,15.688721
35307,14.324712
35308,16.221289
35312,17.472857
35313,19.766146
35345,19.865023
35346,16.526798
35347,18.589647
35348,16.720146
35349,15.921934
35359,21.307129
35360,20.005116
35361,15.592102
35362,15.278171
35363,19.339344
35364,16.846
35365,19.167011
35376,17.730825
35377,19.06078
35379,16.81734
35380,15.137998
35381,16.126455
35382,13.8033905
35383,14.526455
35401,16.925053
35402,16.449419
35403,14.372466
35404,15.543614
35405,15.625444
35406,14.567558
35407,12.207658
35421,18.299202
35434,23.212603
35435,21.621088
35436,20.58418
35437,19.072193
35438,17.069452
35440,11.99189
35451,20.695522
35452,21.87422
35453,23.104275
35469,19.045618
35470,15.105305
35471,14.46664
35472,12.05105
35473,13.436161
35474,13.605738
35475,11.334642
35485,19.011038
35486,19.701525
35488,15.0163145
35489,20.138777
35490,17.767406
35491,16.14729
35492,16.56417
35498,14.025796
35504,21.001205
35505,20.32331
35506,18.511007
35507,19.259304
35508,15.01659
35509,15.633689
35510,13.283549
35511,14.012204
35514,18.135916
35515,16.574125
35529,17.30369
35530,19.085838
35531,13.422882
35532,12.8505535
35533,18.101904
35534,16.089859
35535,13.386435
35545,19.57922
35546,18.593475
35548,16.418598
35549,18.277039
35550,14.769671
35551,15.460551
35552,9.176707
35553,9.069016
35555,9.176707
35556,8.804671
35573,12.657807
35574,12.15409
35576,18.053408
35577,16.018951
35579,12.744045
35580,13.366556
35589,20.262642
35590,21.692007
35591,22.162611
35597,13.137514
35601,16.911531
35602,20.195465
35604,12.953831
35612,21.212751
35613,21.604586
35614,12.496224
35615,12.082837
35621,13.732494
35622,13.559799
35627,18.235083
35629,13.105792
35636,18.998522
35637,19.89043
35638,17.757019
35639,13.937924
35645,15.59532
35646,14.5380745
35648,16.735472
35649,18.138514
35650,16.619307
35651,18.775156
35652,18.477736
35653,19.454832
35654,19.486431
35655,13.215889
35664,20.798536
35665,21.278734
35666,18.971018
35667,12.456662
35668,12.408974
35669,12.337573
35670,13.141228
35677,13.514375
35681,14.007162
35682,14.446249
35689,13.20212
35690,23.206182
35691,21.100178
35692,12.9886675
35693,13.928991
35694,13.018773
35701,14.284735
35702,14.259644
35703,17.734545
35707,19.832876
35708,12.221333
35709,12.2766
35710,13.143867
35711,13.180387
35712,12.175875
35718,13.341832
35719,13.804586
35734,13.307718
35735,13.138741
35736,12.44178
35738,19.59351
35739,19.092403
35740,17.757019
35741,13.3497715
35749,17.06134
35750,19.590181
35751,18.530264
35752,20.377718
35761,12.42293
35762,12.512682
35767,19.72945
35768,18.927225
35769,18.771053
35770,13.060359
35771,14.318434
35772,13.7662115
35773,14.970596
35774,15.761388
35777,18.465542
35780,13.02858
35787,17.164946
35788,16.621586
35789,17.122446
35790,15.611202
36321,16.318737
36322,15.520781
36323,14.003061
36324,13.181793
36325,12.488678
36618,9.06667
36619,9.4654875
36620,9.246558
36627,21.354225
36715,17.849392
36716,18.75146
36717,16.540838
36718,15.009152
36719,13.465371
36720,14.419822
36855,21.011612
36856,18.25846
36857,16.918133
36858,16.176914
36859,16.305897
36860,17.05502
36861,14.989479
37023,19.67221
37024,21.333454
37026,13.851129
37027,18.692255
37028,16.299334
37029,15.294748
37030,15.473269
37350,18.584045
37351,18.695065
37352,17.909918
37353,17.016504
37354,16.78144
37355,15.607395
37356,18.62775
37357,18.34866
37358,16.169691
37359,17.2407
37360,18.476555
37361,18.215282
37362,15.791458
37363,18.266754
37364,17.506714
37365,17.196964
37366,17.655766
37367,16.62402
37368,15.467657
37369,15.467657
37370,16.62402
37371,17.69543
37372,17.196964
37373,15.001119
37374,17.492424
37375,17.022707
37376,14.700052
37377,17.128632
37378,17.210754
37380,13.688913
37381,15.352411
37382,16.980808
37383,15.608799
37384,14.95264
37385,16.927471
37386,18.465542
37387,18.28524
37388,18.17778
37389,15.919055
37390,18.068813
37391,16.520529
37392,15.516136
37393,17.193981
37394,18.214973
37395,18.26611
37396,16.539661
37397,18.300827
37398,18.361023
37399,17.400576
37400,18.2048
37401,16.707218
37402,16.109016
37403,18.015919
37404,18.367558
37405,18.465542
37406,16.781506
37407,17.252134
37408,18.60722
37409,15.048974
37410,18.428875
37411,15.167323
37412,18.048073
37413,16.321619
37414,18.123508
37415,16.988094
37416,16.653597
37417,17.8317
37418,15.846162
37419,17.98978
37420,17.7826
37421,16.805862
37422,15.091601
37423,15.496996
37424,14.521463
37425,16.708897
37426,16.1073
37427,16.824286
37428,18.421223
37429,12.53821
37430,18.217579
37431,14.51377
37432,17.889751
37433,18.541725
37434,16.544247
37435,17.614597
37436,18.237286
37437,18.107685
37438,15.248927
37439,18.314869
37440,18.23922
37441,17.16226
37442,17.841492
37443,17.8637
37444,18.445185
37445,18.590984
37446,16.808723
37447,17.390125
37448,17.983547
37449,17.59433
37450,11.673261
37451,17.074675
37452,17.889038
37453,17.495968
37454,16.937248
37455,18.23922
37456,17.167091
37457,18.003994
37458,18.691797
37459,16.858782
37460,17.87563
37461,17.360977
37462,16.937248
37463,17.089645
37464,16.589304
37465,16.024708
37466,16.396414
37467,16.639553
37468,17.48745
37469,16.946133
37470,17.625336
37471,15.281929
37472,15.089406
37473,17.625336
37474,17.162025
37475,17.48745
37476,17.970253
37477,15.39124
37478,18.08278
37479,18.098343
37480,17.961754
37481,17.273096
37482,16.71084
37483,16.460438
37484,15.69387
37485,13.553006
